<application>
  <component name="FileTypeManager" version="17">
    <ignoreFiles list="*.hprof;*.pyc;*.pyo;*.rbc;*.yarb;*~;.DS_Store;.git;.hg;.map;.svn;CVS;__pycache__;_svn;vssver.scc;vssver2.scc;" />
    <extensionMap>
      <mapping pattern="test_documentConfig.js" type="PLAIN_TEXT" />
      <removed_mapping ext="phtml" approved="true" type="PLAIN_TEXT" />
      <removed_mapping ext="groovy" approved="true" type="PLAIN_TEXT" />
      <removed_mapping ext="bat" approved="true" type="PLAIN_TEXT" />
      <removed_mapping ext="php5" approved="true" type="PLAIN_TEXT" />
      <removed_mapping ext="php4" approved="true" type="PLAIN_TEXT" />
      <removed_mapping ext="cmd" approved="true" type="PLAIN_TEXT" />
      <removed_mapping ext="log" approved="true" type="PLAIN_TEXT" />
      <removed_mapping ext="swift" approved="true" type="PLAIN_TEXT" />
      <removed_mapping ext="php" approved="true" type="PLAIN_TEXT" />
      <removed_mapping ext="phtml" approved="true" type="PLAIN_TEXT" />
      <removed_mapping ext="groovy" approved="true" type="PLAIN_TEXT" />
      <removed_mapping ext="bat" approved="true" type="PLAIN_TEXT" />
      <removed_mapping ext="log" approved="true" type="PLAIN_TEXT" />
      <removed_mapping ext="dockerfile" approved="true" type="textmate" />
      <removed_mapping ext="php4" approved="true" type="PLAIN_TEXT" />
      <removed_mapping ext="makefile" approved="true" type="textmate" />
      <removed_mapping ext="php5" approved="true" type="PLAIN_TEXT" />
      <removed_mapping ext="php" approved="true" type="PLAIN_TEXT" />
      <removed_mapping ext="cmd" approved="true" type="PLAIN_TEXT" />
      <removed_mapping ext="snakefile" approved="true" type="textmate" />
      <removed_mapping ext="swift" approved="true" type="PLAIN_TEXT" />
      <mapping pattern="*.js.flow" type="Flow" />
      <mapping pattern="BankTransactionsDetailView.tsx" type="TypeScript" />
      <mapping pattern="ToggleableEntryModal.tsx" type="TypeScript" />
    </extensionMap>
  </component>
</application>