<application>
  <component name="FindSettings">
    <option name="customScope" value="Solution" />
    <option name="defaultScopeName" value="Solution" />
    <option name="SEARCH_SCOPE" value="Solution" />
    <mask>*.js</mask>
    <mask>*.as</mask>
    <mask>*.css</mask>
    <mask>*.mxml</mask>
    <mask>*.scss</mask>
    <mask>*.ts</mask>
    <mask>*.ts*</mask>
    <mask>*story*</mask>
    <mask>*page*</mask>
    <mask>*table*</mask>
    <mask>*spec*</mask>
    <mask>*column*</mask>
    <mask>*scss*</mask>
    <mask>*typecode*</mask>
    <mask>*date*</mask>
    <mask>*dropdown*</mask>
    <mask>guid*</mask>
    <mask>*guid*</mask>
    <mask>*entry*</mask>
    <mask>*webpack*</mask>
    <mask>*route*</mask>
    <mask>*project*</mask>
    <mask>*test*</mask>
    <mask>*ts*</mask>
    <mask>*filter*</mask>
    <mask>*builder*</mask>
    <mask>*intercompany*</mask>
    <mask>*db*</mask>
    <mask>*search*</mask>
    <mask>*account*</mask>
  </component>
</application>