<keymap version="1" name="Visual Studio copy" parent="Visual Studio">
  <action id="ActivateProjectToolWindow">
    <keyboard-shortcut first-keystroke="alt 1" />
    <keyboard-shortcut first-keystroke="shift ctrl e" />
  </action>
  <action id="ActivateTerminalToolWindow">
    <keyboard-shortcut first-keystroke="alt f12" />
    <keyboard-shortcut first-keystroke="ctrl back_quote" />
  </action>
  <action id="ChangesView.GroupBy.Directory" />
  <action id="CloseContent">
    <keyboard-shortcut first-keystroke="ctrl f4" />
    <keyboard-shortcut first-keystroke="ctrl w" />
  </action>
  <action id="CommentByLineComment">
    <keyboard-shortcut first-keystroke="ctrl alt slash" />
    <keyboard-shortcut first-keystroke="ctrl alt divide" />
    <keyboard-shortcut first-keystroke="ctrl k" second-keystroke="c" />
    <keyboard-shortcut first-keystroke="ctrl k" second-keystroke="ctrl c" />
    <keyboard-shortcut first-keystroke="ctrl slash" />
  </action>
  <action id="EditorSelectWord" />
  <action id="FileChooser.TogglePathShowing" />
  <action id="GotoClass">
    <keyboard-shortcut first-keystroke="shift ctrl n" />
  </action>
  <action id="GotoFile">
    <keyboard-shortcut first-keystroke="ctrl comma" />
  </action>
  <action id="Graph.ActualSize">
    <keyboard-shortcut first-keystroke="ctrl divide" />
  </action>
  <action id="Images.Editor.ActualSize">
    <keyboard-shortcut first-keystroke="ctrl divide" />
  </action>
  <action id="Print" />
  <action id="QuickChangeScheme" />
  <action id="QuickList.VCS Operations">
    <keyboard-shortcut first-keystroke="ctrl alt q" />
  </action>
  <action id="RecentChangedFiles">
    <keyboard-shortcut first-keystroke="ctrl p" />
  </action>
  <action id="RecentFiles" />
</keymap>